rowid,kepid,tce_planet_num,tce_period,tce_time0bk,tce_duration,av_training_set,campaign,tce_depth,tce_impact
1,211924657,1,2.643707538,2343.376423,1.8516834, C,5,0.068834992,0.916732222
2,201563164,1,0.187462132,1977.309039,0.66403159, C,1,0.107657713,-0.012415245
3,201637175,1,0.381077985,1977.358556,0.71468927, C,1,0.067515863,-0.225140585
4,211924657,1,2.657676504,3265.56553,2.2954749, C,16,0.039434362,-0.00019899
5,211924657,1,2.645682123,1.950375445,0.095092084, C,18,0.089775416,0.963247405